{
  "Chennai Super Kings": {
    "precision": 0.4,
    "recall": 0.5,
    "f1-score": 0.4444444444444444,
    "support": 4.0
  },
  "Delhi Capitals": {
    "precision": 0.5,
    "recall": 0.16666666666666666,
    "f1-score": 0.25,
    "support": 6.0
  },
  "Draw/No Result": {
    "precision": 0.0,
    "recall": 0.0,
    "f1-score": 0.0,
    "support": 4.0
  },
  "Gujarat Titans": {
    "precision": 0.5714285714285714,
    "recall": 0.8888888888888888,
    "f1-score": 0.6956521739130435,
    "support": 9.0
  },
  "Kolkata Knight Riders": {
    "precision": 0.8333333333333334,
    "recall": 1.0,
    "f1-score": 0.9090909090909091,
    "support": 5.0
  },
  "Lucknow Super Giants": {
    "precision": 0.4,
    "recall": 0.6666666666666666,
    "f1-score": 0.5,
    "support": 6.0
  },
  "Mumbai Indians": {
    "precision": 0.5,
    "recall": 0.3333333333333333,
    "f1-score": 0.4,
    "support": 9.0
  },
  "Punjab Kings": {
    "precision": 0.4444444444444444,
    "recall": 0.4,
    "f1-score": 0.42105263157894735,
    "support": 10.0
  },
  "Rajasthan Royals": {
    "precision": 0.25,
    "recall": 0.5,
    "f1-score": 0.3333333333333333,
    "support": 4.0
  },
  "Rising Pune Supergiant": {
    "precision": 0.0,
    "recall": 0.0,
    "f1-score": 0.0,
    "support": 0.0
  },
  "Royal Challengers Bengaluru": {
    "precision": 0.8333333333333334,
    "recall": 0.45454545454545453,
    "f1-score": 0.5882352941176471,
    "support": 11.0
  },
  "Sunrisers Hyderabad": {
    "precision": 0.5,
    "recall": 0.6666666666666666,
    "f1-score": 0.5714285714285714,
    "support": 6.0
  },
  "accuracy": 0.5135135135135135,
  "macro avg": {
    "precision": 0.43604497354497357,
    "recall": 0.4647306397306397,
    "f1-score": 0.426103113158908,
    "support": 74.0
  },
  "weighted avg": {
    "precision": 0.5191977691977693,
    "recall": 0.5135135135135135,
    "f1-score": 0.48820434055997397,
    "support": 74.0
  }
}