{
  "Chennai Super Kings": {
    "precision": 0.375,
    "recall": 0.75,
    "f1-score": 0.5,
    "support": 4.0
  },
  "Delhi Capitals": {
    "precision": 0.75,
    "recall": 1.0,
    "f1-score": 0.8571428571428571,
    "support": 6.0
  },
  "Gujarat Titans": {
    "precision": 0.0,
    "recall": 0.0,
    "f1-score": 0.0,
    "support": 9.0
  },
  "Kolkata Knight Riders": {
    "precision": 0.5555555555555556,
    "recall": 1.0,
    "f1-score": 0.7142857142857143,
    "support": 5.0
  },
  "Lucknow Super Giants": {
    "precision": 0.0,
    "recall": 0.0,
    "f1-score": 0.0,
    "support": 6.0
  },
  "Mumbai Indians": {
    "precision": 0.5714285714285714,
    "recall": 0.8888888888888888,
    "f1-score": 0.6956521739130435,
    "support": 9.0
  },
  "Punjab Kings": {
    "precision": 0.8571428571428571,
    "recall": 0.6,
    "f1-score": 0.7058823529411765,
    "support": 10.0
  },
  "Rajasthan Royals": {
    "precision": 0.375,
    "recall": 0.75,
    "f1-score": 0.5,
    "support": 4.0
  },
  "Rising Pune Supergiant": {
    "precision": 0.0,
    "recall": 0.0,
    "f1-score": 0.0,
    "support": 0.0
  },
  "Royal Challengers Bengaluru": {
    "precision": 0.7,
    "recall": 0.6363636363636364,
    "f1-score": 0.6666666666666666,
    "support": 11.0
  },
  "Sunrisers Hyderabad": {
    "precision": 0.16666666666666666,
    "recall": 0.16666666666666666,
    "f1-score": 0.16666666666666666,
    "support": 6.0
  },
  "accuracy": 0.5571428571428572,
  "macro avg": {
    "precision": 0.39552669552669556,
    "recall": 0.5265381083562902,
    "f1-score": 0.4369360392378296,
    "support": 70.0
  },
  "weighted avg": {
    "precision": 0.46702947845804993,
    "recall": 0.5571428571428572,
    "f1-score": 0.4909616020321172,
    "support": 70.0
  }
}