{
  "Chennai Super Kings": {
    "precision": 0.5,
    "recall": 0.5,
    "f1-score": 0.5,
    "support": 4.0
  },
  "Delhi Capitals": {
    "precision": 0.5,
    "recall": 0.16666666666666666,
    "f1-score": 0.25,
    "support": 6.0
  },
  "Gujarat Titans": {
    "precision": 0.6,
    "recall": 1.0,
    "f1-score": 0.75,
    "support": 9.0
  },
  "Kolkata Knight Riders": {
    "precision": 0.6,
    "recall": 0.6,
    "f1-score": 0.6,
    "support": 5.0
  },
  "Lucknow Super Giants": {
    "precision": 0.36363636363636365,
    "recall": 0.6666666666666666,
    "f1-score": 0.47058823529411764,
    "support": 6.0
  },
  "Mumbai Indians": {
    "precision": 0.5714285714285714,
    "recall": 0.4444444444444444,
    "f1-score": 0.5,
    "support": 9.0
  },
  "Punjab Kings": {
    "precision": 0.75,
    "recall": 0.3,
    "f1-score": 0.42857142857142855,
    "support": 10.0
  },
  "Rajasthan Royals": {
    "precision": 0.375,
    "recall": 0.75,
    "f1-score": 0.5,
    "support": 4.0
  },
  "Rising Pune Supergiant": {
    "precision": 0.0,
    "recall": 0.0,
    "f1-score": 0.0,
    "support": 0.0
  },
  "Royal Challengers Bengaluru": {
    "precision": 0.7142857142857143,
    "recall": 0.45454545454545453,
    "f1-score": 0.5555555555555556,
    "support": 11.0
  },
  "Sunrisers Hyderabad": {
    "precision": 0.5714285714285714,
    "recall": 0.6666666666666666,
    "f1-score": 0.6153846153846154,
    "support": 6.0
  },
  "accuracy": 0.5428571428571428,
  "macro avg": {
    "precision": 0.5041617473435656,
    "recall": 0.5044536271808999,
    "f1-score": 0.47000907589142876,
    "support": 70.0
  },
  "weighted avg": {
    "precision": 0.5858627087198516,
    "recall": 0.5428571428571428,
    "f1-score": 0.523752321441397,
    "support": 70.0
  }
}