{
  "Chennai Super Kings": {
    "precision": 0.2857142857142857,
    "recall": 0.5,
    "f1-score": 0.36363636363636365,
    "support": 4.0
  },
  "Delhi Capitals": {
    "precision": 0.5,
    "recall": 0.16666666666666666,
    "f1-score": 0.25,
    "support": 6.0
  },
  "Draw/No Result": {
    "precision": 0.0,
    "recall": 0.0,
    "f1-score": 0.0,
    "support": 4.0
  },
  "Gujarat Titans": {
    "precision": 0.6,
    "recall": 0.6666666666666666,
    "f1-score": 0.631578947368421,
    "support": 9.0
  },
  "Kolkata Knight Riders": {
    "precision": 0.5555555555555556,
    "recall": 1.0,
    "f1-score": 0.7142857142857143,
    "support": 5.0
  },
  "Lucknow Super Giants": {
    "precision": 0.5,
    "recall": 0.5,
    "f1-score": 0.5,
    "support": 6.0
  },
  "Mumbai Indians": {
    "precision": 0.75,
    "recall": 0.3333333333333333,
    "f1-score": 0.46153846153846156,
    "support": 9.0
  },
  "Punjab Kings": {
    "precision": 0.6153846153846154,
    "recall": 0.8,
    "f1-score": 0.6956521739130435,
    "support": 10.0
  },
  "Rajasthan Royals": {
    "precision": 0.3333333333333333,
    "recall": 0.75,
    "f1-score": 0.46153846153846156,
    "support": 4.0
  },
  "Rising Pune Supergiant": {
    "precision": 0.0,
    "recall": 0.0,
    "f1-score": 0.0,
    "support": 0.0
  },
  "Royal Challengers Bengaluru": {
    "precision": 0.7142857142857143,
    "recall": 0.45454545454545453,
    "f1-score": 0.5555555555555556,
    "support": 11.0
  },
  "Sunrisers Hyderabad": {
    "precision": 0.3333333333333333,
    "recall": 0.3333333333333333,
    "f1-score": 0.3333333333333333,
    "support": 6.0
  },
  "accuracy": 0.5135135135135135,
  "macro avg": {
    "precision": 0.4323005698005698,
    "recall": 0.4587121212121212,
    "f1-score": 0.41392658426411283,
    "support": 74.0
  },
  "weighted avg": {
    "precision": 0.5326345576345577,
    "recall": 0.5135135135135135,
    "f1-score": 0.4902407757098833,
    "support": 74.0
  }
}