{
  "Chennai Super Kings": {
    "precision": 0.0,
    "recall": 0.0,
    "f1-score": 0.0,
    "support": 0.0
  },
  "Delhi Capitals": {
    "precision": 0.5,
    "recall": 0.5,
    "f1-score": 0.5,
    "support": 2.0
  },
  "Gujarat Titans": {
    "precision": 0.0,
    "recall": 0.0,
    "f1-score": 0.0,
    "support": 2.0
  },
  "Kolkata Knight Riders": {
    "precision": 0.0,
    "recall": 0.0,
    "f1-score": 0.0,
    "support": 0.0
  },
  "Lucknow Super Giants": {
    "precision": 0.3333333333333333,
    "recall": 0.5,
    "f1-score": 0.4,
    "support": 2.0
  },
  "Mumbai Indians": {
    "precision": 0.5,
    "recall": 1.0,
    "f1-score": 0.6666666666666666,
    "support": 1.0
  },
  "Punjab Kings": {
    "precision": 1.0,
    "recall": 0.6666666666666666,
    "f1-score": 0.8,
    "support": 3.0
  },
  "Rajasthan Royals": {
    "precision": 1.0,
    "recall": 0.75,
    "f1-score": 0.8571428571428571,
    "support": 4.0
  },
  "Royal Challengers Bengaluru": {
    "precision": 1.0,
    "recall": 0.6666666666666666,
    "f1-score": 0.8,
    "support": 3.0
  },
  "Sunrisers Hyderabad": {
    "precision": 0.0,
    "recall": 0.0,
    "f1-score": 0.0,
    "support": 1.0
  },
  "accuracy": 0.5555555555555556,
  "macro avg": {
    "precision": 0.4333333333333333,
    "recall": 0.4083333333333333,
    "f1-score": 0.4023809523809524,
    "support": 18.0
  },
  "weighted avg": {
    "precision": 0.6759259259259259,
    "recall": 0.5555555555555556,
    "f1-score": 0.5941798941798943,
    "support": 18.0
  }
}