{
  "Chennai Super Kings": {
    "precision": 0.6666666666666666,
    "recall": 0.25,
    "f1-score": 0.36363636363636365,
    "support": 8.0
  },
  "Delhi Capitals": {
    "precision": 0.6,
    "recall": 0.42857142857142855,
    "f1-score": 0.5,
    "support": 7.0
  },
  "Gujarat Titans": {
    "precision": 0.625,
    "recall": 1.0,
    "f1-score": 0.7692307692307693,
    "support": 5.0
  },
  "Kolkata Knight Riders": {
    "precision": 0.6,
    "recall": 0.375,
    "f1-score": 0.46153846153846156,
    "support": 8.0
  },
  "Lucknow Super Giants": {
    "precision": 0.5,
    "recall": 1.0,
    "f1-score": 0.6666666666666666,
    "support": 4.0
  },
  "Mumbai Indians": {
    "precision": 0.7142857142857143,
    "recall": 0.625,
    "f1-score": 0.6666666666666666,
    "support": 8.0
  },
  "Punjab Kings": {
    "precision": 0.5,
    "recall": 0.5,
    "f1-score": 0.5,
    "support": 6.0
  },
  "Rajasthan Royals": {
    "precision": 0.5,
    "recall": 0.6666666666666666,
    "f1-score": 0.5714285714285714,
    "support": 6.0
  },
  "Royal Challengers Bengaluru": {
    "precision": 0.5,
    "recall": 0.5,
    "f1-score": 0.5,
    "support": 8.0
  },
  "Sunrisers Hyderabad": {
    "precision": 0.375,
    "recall": 0.5,
    "f1-score": 0.42857142857142855,
    "support": 6.0
  },
  "accuracy": 0.5454545454545454,
  "macro avg": {
    "precision": 0.5580952380952381,
    "recall": 0.5845238095238094,
    "f1-score": 0.5427738927738928,
    "support": 66.0
  },
  "weighted avg": {
    "precision": 0.5670093795093796,
    "recall": 0.5454545454545454,
    "f1-score": 0.5295083704174613,
    "support": 66.0
  }
}