{
  "train_accuracy": 0.7946768060836502,
  "test_accuracy": 0.5454545454545454,
  "train_f1_weighted": 0.7919006293188556,
  "test_f1_weighted": 0.5295083704174613,
  "best_cv_accuracy": 0.4828737300435414,
  "best_params": {
    "model__n_estimators": 600,
    "model__min_samples_split": 12,
    "model__min_samples_leaf": 6,
    "model__max_features": 0.35,
    "model__max_depth": null
  },
  "training_years": [
    2020,
    2021,
    2023,
    2024,
    2025
  ],
  "rows_used": 329
}