{
  "Chennai Super Kings": {
    "precision": 0.5,
    "recall": 0.75,
    "f1-score": 0.6,
    "support": 4.0
  },
  "Delhi Capitals": {
    "precision": 0.5,
    "recall": 0.16666666666666666,
    "f1-score": 0.25,
    "support": 6.0
  },
  "Gujarat Titans": {
    "precision": 0.5,
    "recall": 0.3333333333333333,
    "f1-score": 0.4,
    "support": 9.0
  },
  "Kolkata Knight Riders": {
    "precision": 0.45454545454545453,
    "recall": 1.0,
    "f1-score": 0.625,
    "support": 5.0
  },
  "Lucknow Super Giants": {
    "precision": 0.3333333333333333,
    "recall": 0.3333333333333333,
    "f1-score": 0.3333333333333333,
    "support": 6.0
  },
  "Mumbai Indians": {
    "precision": 0.6363636363636364,
    "recall": 0.7777777777777778,
    "f1-score": 0.7,
    "support": 9.0
  },
  "Punjab Kings": {
    "precision": 0.625,
    "recall": 0.5,
    "f1-score": 0.5555555555555556,
    "support": 10.0
  },
  "Rajasthan Royals": {
    "precision": 0.4,
    "recall": 0.5,
    "f1-score": 0.4444444444444444,
    "support": 4.0
  },
  "Rising Pune Supergiant": {
    "precision": 0.0,
    "recall": 0.0,
    "f1-score": 0.0,
    "support": 0.0
  },
  "Royal Challengers Bengaluru": {
    "precision": 0.6666666666666666,
    "recall": 0.36363636363636365,
    "f1-score": 0.47058823529411764,
    "support": 11.0
  },
  "Sunrisers Hyderabad": {
    "precision": 0.5555555555555556,
    "recall": 0.8333333333333334,
    "f1-score": 0.6666666666666666,
    "support": 6.0
  },
  "accuracy": 0.5285714285714286,
  "macro avg": {
    "precision": 0.47013314967860426,
    "recall": 0.5052800734618915,
    "f1-score": 0.45868983957219256,
    "support": 70.0
  },
  "weighted avg": {
    "precision": 0.5430952380952382,
    "recall": 0.5285714285714286,
    "f1-score": 0.5062114845938376,
    "support": 70.0
  }
}